"Title","Event Code","Event Rank","Attendance Record","Start Date","End Date","Region","Location","Event Type","Event Location: Street","Event Location: City","Event Location: State","Event Location: Country/Region","Venue","Event Website","Booth Size","Booth%23","Status","Sector","Organizing Company","Business Lines","Show Captain","Ship By Date","Registration Deadline","Mockups/Models","Action Status","Main Event Subject","Notes","Related Documents","Days until Start","Staff_Assigned","Email Header"
"ION ITM PTTI 2026","ITM26",,"Existing","1/26/2026","1/29/2026","USA","Known","[""Exhibition""]","11999HarborBlvd","Anaheim","CA","USA","HyattRegency Orange County","https://www.ion.org/itm/exhibitor-resource-center.cfm","10 x 10",,"Planning","GCI","ST4D ","[""STT"",""ST4D""]","CAMERON",,,"[""White Rabbit Z-16"",""AJ Antennae"",""Secure Sync""]","Interest confirmed, Participants/products TBC +  ","Precision timing, PNT, Time transfer, synchronization, atomic clocks","Requested by : Jérôme Auger <jerome.auger@nav-timing.safrangroup.com>
BL: STT CLocks
Topic : Launch of MIRA Plan
Action : Participants TBC + budget allocation ",,"-25","Cameron Chambers","Reserved_ImageAttachment_[11]_[EmailHeader][32]_[be18a6965aae4b8892cf1d240e45f419][4]_[1925].png"
"NEW: 2026 NEXT CONFERENCE","NEXT26",,"NEW","2/2/2026","2/4/2026","USA","Known","[""Exhibition""]","407N.VirginiaSt","Reno","NV","USA","SilverLegacyResort Casino","https://next.touchstoneenergy.com/sponsorships","10 x 10",,"Planning","GCI","ST4D","[""ST4D""]","CAMERON",,,,"Exbhition acceptance TBC + Budget allocation TBC
Warning : new event request directly as exhibitor","Emerging technologies across AI, cloud, mobility & infrastructure","Requested by : Jaime Jaramillo <jaime.jaramillo@nav-timing.safrangroup.com>
BL: ST4D Timing (US)
Topic : Business Devlopment (Open Timing)
Action : Check Out booth Availability & Pricing - walking or exhibition TBC
Warning : new event request directly as exhibitor",,"-18","Cameron Chambers;Jaime Jaramillo","Reserved_ImageAttachment_[11]_[EmailHeader][32]_[4469849fc7c74fbdad65f4e5348628cb][4]_[2308].png"
"NEW: Welcome to the 2026 Utilities Technology Forum Regions","UTF26",,"NEW","2/8/2026","2/11/2026","USA","Known","[""Walking""]","801AllenY.LewPlaceNW","Washington","DC","USA","WalterE.Washington Convention Center","https://utc.org/event/",,,"Planning","GCI","ST4D","[""ST4D""]","CAMERON",,,,"If participation confirmed, entrance to be taking care by the sales","Utility communications timing
Critical-infrastructure PNT","Requested by : Jaime Jaramillo
BL: R&T
Topic : 
Action :",,"-12","Cameron Chambers;Jaime Jaramillo",
"NEW: PowerXchange and TechAdvantage","PXT26",,"NEW","3/8/2026","3/11/2026","USA","Known","[""Exhibition""]","201 Rep. John Lewis Way S","Nashville","TN","USA","Music City Center","https://www.cooperative.com/conferences-education/meetings/techadvantage/Pages/default.aspx","10 x 10",,"Planning","GCI","ST4D","[""ST4D""]","CAMERON",,,,"Interest + budget participants + products TBC
Warning : new event directly request as exhibitor","Utility timing & synchronization, Grid resilience / GNSS-resilient PNT","Requested by : Jaime 
BL: 
Topic : 
Action : 
Warning : new event directly request as exhibitor ",,"15","Cameron Chambers;Jaime Jaramillo","Reserved_ImageAttachment_[11]_[EmailHeader][32]_[7852cb0b6fb44322b7f7a5c1664c6ecd][4]_[5636].png"
"VERTICON 2026
(Former HAI)","VERT26",,"Existing","3/10/2026","3/12/2026","USA","Known","[""Exhibition""]","2015thAveS","Atlanta","GA","USA","Georgia World 
Congress Center","https://verticon.org/",,,"Planning","ADG","SHE","[""SDSI"",""SHE""]","CAMERON",,,,"Participants + Products TBC","Vertical aviation solutions & rotorcraft systems","Requested by :
BL: 
Topic : 
Action : ",,"17","Cameron Chambers;Pierre Desjardins",
"SATSHOW WEEK 2026
(Former SATELLITE)","SAT26",,"Existing","3/23/2026","3/26/2026","USA","Known","[""Exhibition""]","801 Allen Y Lew Pl NW","Washington","DC","USA","Walter E. Washington Convention Center","https://www.satshow.com/","20 x 10",,"Planning","ADG","ST4D","[""ST4D""]","CAMERON",,,,"Interest + budget confirmed, Participants /products TBC","Satellite communications, space networking, synchronization for satcom","Requested by : Tanner Cheek <Tanner.Cheek@nav-timing.safrangroup.com>
BL: ST4D Timing (US)
Topic : Business Devlopment for Space / New Space
Action : Check Out booth Availability & Pricing",,"30","Cameron Chambers;Pierre Desjardins;Scott McAvoy","Reserved_ImageAttachment_[11]_[EmailHeader][32]_[319f4fbe1af848e9b31ccc1e4e09970b][4]_[2023].png"
"SPACE SYMPOSIUM 2026 ","SPACE26",,"Existing","4/13/2026","4/16/2026","USA","Known","[""Exhibition""]","1 Lake Ave","Colorado Springs","CO","The Broadmoor Hotel",,"Space Symposium - April 13th - 16th, 2026",,,"Planning","ADG","SED Space  ","[""SED Space"",""ST4D""]","CAMERON",,,,"Waiting for SDS return ","Space event","Requested by : INS
BL:
Topic : Business Devlopment 
Action : Space division confirmed if participation 04.11.25",,"51","Cameron Chambers;Pierre Desjardins;Marco Ventresca;Scott McAvoy",
"SEA AIR SPACE 2026","SAS26",,"Existing","4/19/2026","4/22/2026","USA","Known","[""Walking""]","201 Waterfront St","NationalHarbor","MD","USA","Gaylord National Resort & Convention Center","https://seaairspace.org/",,,"Planning","ADG","SDSI","[""SDSI""]","ALYSSA",,,,"Wait for SFS return ",,"Requested by : MARY Xavier (SAFRAN ELECTRONICS & DEFENSE) <xavier.mary@safrangroup.com> 
BL: NAV
Topic : INS promotion 
Action : Check Out with milena.grosshans-larranaga@safrangroup.com if it still still possible to attend and pricing required to have products nd people at the booth",,"57","Scott McAvoy",
"OTC 2026","OTC26",,"Existing","5/4/2026","5/7/2026","USA","Known","[""Walking""]","1NRGPark","Houston","TX","USA","NRG Center","https://www.fbcconferences.com/event.aspx/Q6UJ9A020MM5",,,"Planning","GCI","SSTS",,"CAMERON",,,,"If participation confirmed, entrance to be taking care by sales","Maritime robotics, positioning, timing, and navigation","Requested by : 
BL: 
Topic : Business Devlopment (Open Timing)
Action : N/A",,"72","Cameron Chambers;Pierre Desjardins",
"NEW: NLIT 2026","NLIT26",,"NEW","5/4/2026","5/7/2026","USA","Known","[""Walking""]","301 W 13th St","KansasCity","MO","USA","KansasCity Convention Center","https://www.fbcconferences.com/event.aspx/Q6UJ9A020MM5",,,"Planning","GCI","ST4D","[""ST4D""]","CAMERON",,,,"If participation confirmed, entrance to be taking care by sales","Data management, HPC, and scientific computing systems","Requested by : Jaime Jaramillo <jaime.jaramillo@nav-timing.safrangroup.com>
BL: ST4D Timing (US)
Topic : Business Devlopment (Open Timing)
Action : N/A",,"72",,
"WSTS 2026","WSTS26",,"Existing","5/4/2026","5/7/2026","USA","Known","[""Walking""]","900 Bellevue Way NE","Bellevue","WA","USA","Hyatt Regency Bellevue","https://wsts.atis.org/",,,"Planning","GCI","ST4D","[""ST4D""]","CAMERON",,,,"Level of participation + products + participants TBC ","Network synchronization & timing distribution","Requested by : N/A - Usual Yearly participation
BL: ST4D Timing (US)
Topic : Business Devlopment (Open Timing)
Action : Check out if team is still willing to participate (Tanner Cheek, Jeremy Onyan and David Sohn) and then if yes take the action to book a booth",,"72",,"Reserved_ImageAttachment_[11]_[EmailHeader][32]_[40dcf016d5fd4a16abc202fb2e725c1d][2]_[45].png"
"IEEE International Frequency Control Symposium","IFCS26",,"Existing","5/10/2026","5/13/2026","USA","Known","[""Exhibition""]","333 S Franklin St","Tampa","FL","USA","Tampa Convention Center","https://2026.ieee-ifcs.org/",,,"Planning","GCI","STT","[""STT""]","CAMERON",,,,"Interest confirmed / Budget + participants + products TBC","precision timing, frequency control(Atomic clocks
Quartz & MEMS oscillators)","Requested by : 
BL: TBC
Topic : Business Devlopment (Open Timing)
Action : ",,"78","Cameron Chambers",
"NEW : USA SPACE TECH EXPO ","STE26",,"NEW","5/13/2026","5/15/2026","USA","Known","[""Walking""]","300 E Ocean Blvd","LongBeach","CA","USA","Long Beach Convention Center",,,,"Planning","GCI","SDSI","[""SDSI""]","CAMERON",,,,"If participation confirmed, entrance to be taking care by the sales","RF systems, PNT technology, timing for space mission","Requested by : 
BL: INS ?
Topic : Business Devlopment (Open Timing)
Action : Walking or exhibition TBC",,"81",,
"XPONENTIAL 2026","XPO26",,"Existing","5/19/2026","5/21/2026","USA","Known","[""Exhibition""]","1 Washington Blvd","Detroit","MI","USA","HuntingtonPlace","https://www.auvsi.org/event/xponential-2026/",,,"Planning","ADG","ST4D ","[""ST4D""]","CAMERON",,,,"Interest / budget confirmed / participants + products TBC","UAV/UAS navigation, sensors, PNT resilience","Requested by : N/A - Usual Yearly participation
BL: All 
Topic : Business Devlopment 
Action : Check Out booth Availability & Pricing",,"87","Cameron Chambers;Pierre Desjardins",
"SOFIC
(Special Operations Forces Industry Conference)","SOFIC26",,"Existing","5/18/2026","5/21/2026","USA","Known",,"333 S Franklin St","Tampa","FL","USA","Tampa Convention Center","https://sofweek.org/",,,"Planning","GCI","SDSI","[""SDSI""]","CAMERON",,,,"Waiting for SDSI return ","Electronic warfare, RF sensing, secure timing","Requested by : No one 
BL: 
Topic : 
Action : Check the PNT interest ? ",,"86",,
"STAC NY SPRING 2026","STACNYS26",,"Existing","5/20/2026","5/20/2026","USA","Unknown","[""Exhibition""]",,,,,,"https://stacresearch.com/events/",,,"Planning","GCI","ST4D","[""ST4D""]","CAMERON",,,,"Budget confirmed / Participants + products TBC ","Timing for financial markets & high-precision trading, Sychronization.","Requested by :
BL: 
Topic : 
Action :",,"88","Cameron Chambers",
"CANSEC  2026","CAN26",,"Existing","5/27/2026","5/28/2026","USA","Known","[""Exhibition""]","4899 Uplands Dr","Ottawa","ON","Canada","EYCentre","https://www.defenceandsecurity.ca/CANSEC/",,,"Planning","ADG","SED Space  ","[""SED Space""]","CAMERON",,,,"Interest / Budget confirmed - participants + products TBC","Canadian Defense Navigation, timing, and ruggedized mission hardware","Requested by : N/A - Usual Yearly participation
BL: All 
Topic : Business Devlopment 
Action : Coordinate with SED ",,"95","Cameron Chambers;Scott McAvoy;Andre Demers",
"STAC CHICAGO SPRING 2026","STACCHIS26",,"Existing","6/4/2026","6/4/2026","USA","Unknown","[""Walking""]",,,,,,"https://stacresearch.com/events/",,,"Planning","GCI","ST4D","[""ST4D""]","CAMERON",,,,"If participation confirmed, entrance to be taking care by the sales","Timing for financial markets & high-precision trading, Sychronization.","Requested by :
BL: 
Topic : 
Action :",,"103",,
"Quantum World (previously Quantum Tech USA)","QTECH26",,"Existing","6/24/2026","6/26/2026","USA","Known","[""Exhibition""]","415 Summer St","Boston","MA","USA","Boston Convention and Exhibition Center","https://www.alphaevents.com/events-quantumtechus",,,"Planning","GCI","ST4D","[""ST4D""]","CAMERON",,,,"Interest + budget confirmed / participants + products TBC","Quantum-enhanced navigation & PNT","Requested by : N/A - Usual Yearly participation
BL: ST4D Timing
Topic : New solution promotion
Action : Check Out booth Availability & Pricing",,"123","Cameron Chambers;Janis Dewitt",
"APCO 2026","APCO26",,"Existing","8/2/2026","8/5/2026","USA","Known","[""Exhibition""]","900 E Market St","SanAntonio","TX","USA","Henry B. Gonzlez Convention Center","https://apco2026.org/",,,"Planning","GCI","ST4D","[""ST4D""]","CAMERON",,,,"Interest + budget confirmed / participants + products TBC","Public-safety communications systems, Timing & synchronization for emergency response networks","Requested by : 
BL:
Topic : 
Action : ",,"162","Cameron Chambers;Janis Dewitt",
"FEL 2026 - Free Electron Laser Conference","FEL26",,"Existing","8/23/2026","8/29/2026","USA","Known","[""Walking""]","2575 Sand Hill Rd","Stanford","CA","USA","SLAC National Accelerator Laboratory",,,,"Planning","GCI","SCT","[""SCT""]","CAMERON",,,,"If participation confirmed, entrance to be taking care by the sales","Accelerator timing & RF synchronization
µTCA timing modules","Requested by : R&T
BL: R&T
Topic : 
Action :",,"183","Cameron Chambers",
"SMALLSAT SYMPOSIUM 2026","SMALL26",,"Existing","8/1/2026","8/1/2026","USA","Known","[""Exhibition""]","100 S W Temple St","SaltLakeCity","UT","USA","Salt Palace Convention Center",,,,"Planning","ADG","SED Space","[""SED Space""]","CAMERON",,,,"Interest + budget confirmed / participants + products TBC","LEO constellation architectures,  timing for space-based PNT","Requested by : N/A - Usual Yearly participation
BL: All 
Topic : Business Devlopment 
Action : Coordinate with SED Space",,"161","Cameron Chambers;Pierre Desjardins;Marco Ventresca;Scott McAvoy",
"NEW: GET-CI  ","GETCI26",,"NEW","8/1/2026","8/1/2026","USA","Unknown","[""Walking""]",,,,,,"https://www.dhs.gov/group/13025/publication/gps-equipment-testing-critical-infrastructure-fact-sheet",,,"Planning","GCI","ST4D","[""ST4D""]","CAMERON",,,,"If participation confirmed, entrance to be taking care by the sales","Critical infrastructure resilience
Secure timing for utilities, telecom, ","Requested by : Jaime Jaramillo <jaime.jaramillo@nav-timing.safrangroup.com>
BL: ST4D Timing (US)
Topic : Business Devlopment (Open Timing)
Action : N/A",,"161",,
"IBIC'26 - 15th International Beam Instrumentation Conference","IBIC26",,"Existing","8/30/2026","9/4/2026","USA","Unknown","[""Walking""]",,,,,,,,,"Planning","GCI","SCT","[""SCT""]","CAMERON",,,,"If participation confirmed, entrance to be taking care by the sales","µTCA LLRF modules, Beam diagnostics timing distribution","Requested by : R&T
BL: R&T
Topic : 
Action :",,"190","Cameron Chambers",
"Applied Superconductivity","ASC26",,"Existing","9/6/2026","9/11/2026","USA","Known","[""Walking""]","1000 Fort Duquesne Blvd","Pittsburgh","PA","USA","David L. Lawrence Convention Center","https://www.appliedsuperconductivity.org/",,,"Planning","GCI","SCT","[""SCT""]","CAMERON",,,,"If participation confirmed, entrance to be taking care by the sales","Superconducting timing systems
oscillators / low-noise references","Requested by : R&T
BL: R&T
Topic : 
Action :",,"197",,
"ION GNSS+ 2026","GNSS26",,"Existing","9/14/2026","9/18/2026","USA","Known","[""Exhibition""]","9801 International Dr","Orlando","FL","USA","Hyatt Regency Orlando","https://www.ion.org/gnss/future-meetings.cfm",,,"Planning","GCI","ST4D","[""ST4D""]","CAMERON",,,,"Interest + budget confirmed / participants + products TBC","GNSS technologies & multi-sensor navigation","Requested by : N/A - Usual Yearly participation
BL: 
Topic : Business Devlopment 
Action : ",,"205","Cameron Chambers;Pierre Desjardins;Marco Ventresca;Scott McAvoy;Andre Demers",
"NEW: Quantum World Congress","QWC26",,"NEW","9/22/2026","9/24/2026","USA","Known","[""Walking""]","1300 Pennsylvania Ave NW","Washington","DC","USA","Ronald Reagan Building and International Trade Center","https://www.quantumworldcongress.com/",,,"Planning","GCI","ST4D","[""SCT"",""ST4D""]","CAMERON",,,,"If participation confirmed, entrance to be taking care by the sales","Quantum clocks & frequency standards","Requested by : On the SCT Provided Events List
BL: R&T
Topic : 
Action :",,"213",,
"NEW:NASPI Work Group Meeting","NASPI26",,"NEW","4/14/2026","4/15/2026","USA","Known","[""Walking""]",,"Charlotte","NC","USA",,"https://www.naspi.org/events/naspi-work-group-hybrid-meeting-and-vendor-show-1",,,"Planning","GCI","ST4D","[""ST4D""]","CAMERON",,,,"Interest + budget confirmed / participants + products TBC","PMU & time-synchronized. Quantum backup & trusted PNT for utilities","Requested by : Requested by : Jaime Jaramillo
BL: R&T
Topic : 
Action : N/A",,"52","Cameron Chambers;Jaime Jaramillo",
"AUSA 2026 ","AUSA26",,"Existing","10/1/2026","10/1/2026","USA","Known","[""Exhibition""]","801AllenY.LewPlaceNW","Washington","DC","USA","WalterE.Washington Convention Center","https://www.ausa.org/meet",,,"Planning","ADG","SDSI","[""SDSI"",""SHE""]","ALYSSA",,,,"Budget/ products/ participants TBC ","Tactical PNT, comms, battlefield mobility","Requested by : N/A - Usual Yearly participation
BL: All
Topic : New solution promotion
Action : Coordinate with Safran DSI 

Comments : SFS budget ",,"222","Cameron Chambers;Pierre Desjardins;Scott McAvoy",
"NEW : EXPONAVAL","EXPO26",,"NEW","12/1/2026","12/3/2026","USA","Known","[""Exhibition""]","Av. Jorge Montt S/N","Santiago deChile",,"Chile","Base Naval Talcahuano",,,,"Planning","ADG","ST4D","[""SED Space"",""ST4D""]","CAMERON",,,,"Our wish to participate TBC 
Walking or exhibit ? DEF walks there what about us ? cc Mostra Bid Brazil below","Maritime PNT, navigation, radar, and EW systems","Requested by : N/A - Usual Yearly participation
BL: All
Topic : New solution promotion
Action : interest TBC ",,"283","Cameron Chambers",
"NEW : MOSTRA BID BRAZIL","MBB26",,"NEW","12/1/2026","12/3/2026","USA","Known","[""Walking""]","Eixo Monumental","Braslia",,"Brazil","Centro de Convenes Ulysses Guimares","https://mostrabidbrasil.com/",,,"Planning","ADG","ST4D","[""SED Space"",""ST4D""]","CAMERON",,,,"If participation confirmed, entrance to be taking care by the sales
Walking or exhibit - DEF exhibit there what about us ? ","Latin American defense modernization","Requested by : N/A - Usual Yearly participation
BL: All
Topic : New solution promotion
Action : Coordinate with SED",,"283","Pierre Desjardins",
"STAC CHICAGO  FALL 2026","STACCHIF26",,"Existing",,,"USA","Unknown","[""Walking""]",,,,,,"https://stacresearch.com/events/




",,,"Planning","GCI","ST4D","[""ST4D""]","CAMERON",,,,"If participation confirmed, entrance to be taking care by the sales","Timing for financial markets & high-precision trading, Sychronization.","Requested by :
BL: 
Topic : 
Action :",,,,
"STAC NY FALL 2026","STACNYF26",,"Existing",,,"USA","Unknown","[""Exhibition""]",,,,,,"https://stacresearch.com/events/",,,"Planning","GCI","ST4D","[""ST4D""]","CAMERON",,,,"Budget confirmed / Participants + products TBC ","Timing for financial markets & high-precision trading, Sychronization.","Requested by :
BL: 
Topic : 
Action :",,,"Cameron Chambers",
"NBAA/BACE","NBAA26",,"Existing","10/20/2026","10/22/2026","USA","Known","[""Exhibition""]","300 Convention Center Dr","Las Vegas","NV","USA","Las Vegas Convention Center West Hall","https://nbaa.org/events/2026-nbaa-business-aviation-convention-exhibition-nbaa-bace/",,,"Planning","GCI","SDSI","[""SDSI""]","ALYSSA",,,,"SFS budget",,"Requested by :
BL: 
Topic : 
Action :",,"241","Cameron Chambers",
"CANADIAN ARMED FORCES OUTLOOKS
CAF OUTLOOKS","CAF26",,"Existing","4/7/2026","4/9/2026","USA","Known","[""Walking""]","55 Colonel By Dr","Ottawa","ON","Canada","Shaw Centre","https://www.defenceandsecurity.ca/CAF/",,,"Planning","ADG","ST4D ","[""ST4D""]","CAMERON",,,,"If participation confirmed, entrance to be taking care by the sales","Communications, PNT, cyber, and ISR modernization","Requested by :
BL: 
Topic : 
Action : ",,"45","Cameron Chambers;Scott McAvoy",
"NEW : Aerospace and Defense TSN Summit","TSN26",,"NEW",,,"USA","Unknown","[""Exhibition""]",,,,,,"https://adtsummit.com/",,,"Planning","GCI","ST4D ","[""ST4D""]","CAMERON",,,,"Budget allocation R&T or PNT TBC ?","Time-Sensitive Networking for aerospace & defense","Requested by :
BL: R&T
Topic : 
Action :",,,,
"AUSA GFS","AUSAGF26",,"Existing","3/24/2026","3/26/2026","USA","Known","[""Exhibition""]","700 Monroe Street","Huntsville","Alabama","United States","Von Braun Center","https://meetings.ausa.org/globalforce/2025/attend.cfm","10x20","NA","Up to Date","Defense","SED Space","[""SED Space""]","ALYSSA",,,,,,,,"31","Cameron Chambers",
"2026 SMALLSAT SYMPOSIUM (SILICON VALLEY)","SMALLCA26",,"NEW","2/10/2026","2/12/2026","USA","Known","[""Walking""]","1401 N Shoreline Blvd","Mountain View","California","United States","Computer History Museum","https://smallsatshow.com/",,,"Planning","GCI","ST4D","[""ST4D""]","CAMERON",,,,,,,,"-10","Pierre Desjardins",
"Surface Navy Association 2026","SNA2026",,"Existing","1/13/2026","1/15/2026","USA","Known","[""Walking""]","2799 Richmond Hwy","Arlington","VA","USA","Hyatt Regency Crystal City","https://surfacewarfare.org/events/national-symposium/",,,"Planning","ADG","SFS",,"ALYSSA",,,,,,"Requested by : SFS
BL: 
Topic : 
Action :",,"-38",,
"IDGA Future Indirect Fires Arlington","IDGA26",,"Existing","1/27/2026","1/28/2026","USA","Known","[""Walking""]","801 N Glebe Rd","Arlington","VA","USA","The Westin Arlington","https://www.idga.org/events-futureindirectfires",,,"Planning","ADG","SFS",,"ALYSSA",,,,,,,,"-24",,
"AFA Warfare Symposium 2026","AFA26",,"Existing","2/23/2026","2/25/2026","USA","Known","[""Walking""]","6700 N Gaylord Rockies Blvd","Aurora","CO","USA","Gaylord Rockies Resort & Convention Center","https://www.afa.org/afa-warfare-symposium/",,,"Planning","ADG","SFS",,"ALYSSA",,,,,,,,"2",,
"Modern Day Marine 2026","MDM26",,"Existing","4/28/2026","4/30/2026","USA","Known","[""Walking""]","801 Allen Y Lew Pl NW","Washington","DC","USA","Walter E. Washington Convention Center","https://www.mca-marines.org/modern-day-marine-2/",,,"Planning","ADG","SFS",,"ALYSSA",,,,,,"Requested by.Jesse M
BL: SFS
Topic : 
Action : DSI Prioritized Show
Lowest priority of big 4",,"66",,
"A-PNT Summit 2026","APNT26",,"Existing","4/7/2026","4/7/2026","USA","Known","[""Exhibition""]","1201 15th St NW","Washington","DC","USA"," National Housing Center","https://pnt.dsigroup.org/",,,"Planning","ADG","SFS","[""ST4D""]","ALYSSA",,,,,,"Requested by : Danny, Jacob and Moderntech
BL: ST4D Timing
Topic : White Rabbit and TimeLynx as a new solution promotion
Action : Confirm we can contribute $7k for co-sponsorship. - previously walking event
Level of participation TBC to allocate a budget - 7000e request - sales didn't show up in 2025 
",,"45",,
"Pax River Expo 2026","PXRE26",,"Existing","6/20/2026","6/21/2026","USA","Known","[""Exhibition""]","22268 Cedar Point Rd","Patuxent River","MD","USA","naval air station patuxent river","https://www.paxriverairshow.com/",,,"Planning","ADG","SFS",,"ALYSSA",,,,,,"Requested by:
BL: SFS
Topic : 
Action :
",,"119",,
"AAAA 2026","AAAA26",,"Existing","4/15/2026","4/17/2026","USA","Known","[""Walking""]","2800 Opryland Dr","Nashville","TN","USA","Gaylord Opryland Resort & Convention Center","https://s7.goeshow.com/aaaa/missionsolutions/2026/index.cfm",,,"Planning","ADG","SFS",,"ALYSSA",,,,,,"Requested by Adam P, Demetri X
BL: SFS
Topic : 
Action :
",,"53",,
"GXP360 2026","GXP26",,"Existing","5/18/2026","5/20/2026","USA","Known","[""Walking""]","10950 N Torrey Pines Rd","La Jolla","CA","USA","Hilton La Jolla Torrey Pines","https://www.geospatialexploitationproducts.com/content/gxp360/",,,"Planning","ADG","SFS",,"ALYSSA",,,,,"GEO AI - hosted by BAE","Requested by Lee R
BL: SFS
Topic : 
Action :
GEO AI - hosted by BAE",,"86",,
"ION JNC 2026","JNC26",,"Existing","6/1/2026","6/4/2026","USA","Known","[""Exhibition""]","1 W Rivercenter Blvd","Covington","KY","USA","Northern Kentucky Convention Center","https://www.ion.org/jnc/exhibits.cfm",,,"Planning","ADG","SFS",,"ALYSSA",,,,,,"Requested by Lee R
BL: SFS
Topic : 
Action :
Trevor and Jaemin working abstracts",,"100","Scott McAvoy",
"Armored Vehicles Conference 2026","ARVE26",,"Existing","6/23/2026","6/24/2026","USA","Known","[""Walking""]","1275 S. Huron Street"," Ypsilanti","MI","USA","Ann Arbor Marriott Ypsilanti at Eagle Crest","https://www.idga.org/events-armoredvehiclesusa",,,"Planning","ADG","SFS",,"ALYSSA",,,,,,"Requested by
Topic : 
Action :
Jesse M",,"122",,
"AOC EW Capability Gaps and Enabling Technologies 2026","AOCEW26",,"Existing","6/8/2026","6/10/2026","USA","Known","[""Walking""]","27582 SGM Gene Shaw Technology Drive, Suite B","Crane","IN","USA","SAIC","https://crows.org/event/crane2026/#agenda",,,"Planning","ADG","SFS",,"ALYSSA",,,,,,"Requested by 
Adam C, Steven St. John (TBD)
Topic : 
Action :
Jesse M",,"107",,
"ESRI User Conference 2026","ESRI26",,"Existing","7/13/2026","7/17/2026","USA","Known","[""Exhibition""]","111 Harbor Dr","San Diego","CA","USA","San Diego Convention Center","https://www.esri.com/en-us/about/events/uc/overview",,,"Planning","ADG","SFS",,"ALYSSA",,,,,,"Requested by:
BL: SFS
Topic : 
Action :",,"142",,
"SMD Symposium 2026","SMD26",,"Existing","9/11/2026","9/13/2026","USA","Known","[""Exhibition""]","700 Monroe St SW","Huntsville","AL","USA","Von Braun Center","https://smdsymposium.org/",,,"Planning","ADG","SFS",,"ALYSSA",,,,,,"Requested by:
BL: SFS
Topic : 
Action :
Jesse M, Patrick M
7 total from DSI 
(SFS, Engines, DSI, T&T)",,"202",,
"AFCEA Technet 2026","AFCEA26",,"NEW","8/17/2026","8/20/2026","USA","Known","[""Walking""]","2 10th St","Augusta","GA","USA","Augusta Marriott at the Convention Center","https://events.afcea.org/Augusta26/Public/enter.aspx",,,"Planning","ADG","SFS",,"ALYSSA",,,,,,"Requested by: Mike M
BL: SFS
Topic : 
Action :
",,"177",,
"AFA 2026","AFA26",,"NEW","9/14/2026","9/16/2026","USA","Known","[""Exhibition""]","201 Waterfront Street","National Harbor","MD","USA","Gaylord National Resort and Convention Center","https://www.afa.org/air-space-cyber-conference/","10 x 20",,"Planning","ADG","SFS",,"ALYSSA",,,,,,"Requested by: Lee (GEO AI)?
Jesse M.
BL: SFS
Topic : 
Action :",,"205",,
"AOC Symposium","AOCS26",,"NEW","12/8/2026","12/10/2026","USA","Known","[""Walking""]","201 Waterfront Street","National Harbor","MD","USA","Gaylord National Resort & Convention Center","https://crows.org/events/annual-convention-symposium/",,,"Planning","ADG","SFS",,"ALYSSA",,,,,,"Requested by: Adam C
BL: SFS
Topic : 
Action :",,"290",,
"SIBOS 2026","SIBO26",,"Existing","9/28/2026","10/1/2026","USA","Known","[""Walking""]","1901 Convention Cent Dr","Miami Beach","FL","USA","Miami Beach Convention Center","https://www.sibos.com/",,,"Planning","ADG","SFS",,"ALYSSA",,,,,"Financial-network timing accuracy

Secure & trusted PNT for transactions

Data-center synchronization / GNSS resilience","Requested by :
BL: ST4D
Topic :
Action : ",,"219",,
"ITC 2026","ITC26",,"NEW","9/29/2026","10/1/2026","USA","Known","[""Exhibition""]","3950 Las Vegas Blvd S","Las Vegas","NV","USA","Mandalay Bay","https://vegas.insuretechconnect.com/","20 x 30",,"Planning","ADG","SDSI","[""SDSI""]","ALYSSA",,,,,,"Requested by: Mike M
BL: SFS
Topic : 
Action :",,"220",,
"NAB BEIT","NABE26",,"NEW","4/18/2026","4/22/2026","USA","Known","[""Walking"",""Speaking""]",,"Las Vegas","NV","Americas",,"https://www.nabshow.com/las-vegas/",,,,"PNT","ST4D","[""ST4D""]","CAMERON",,,,,,,,"56",,
"PDAC 2026","PDAC26",,"NEW","3/1/2026","3/4/2026","USA","Known","[""Walking""]","Bremner Blvd 222","Toronto","ON","Canada","Metro Toronto Convention Centre","https://pdac.ca/convention-2026",,,,"Mining","ST4D","[""ST4D""]","CAMERON",,,,,,"Requested by Scott M",,"8",,
"DIMDEX 2026","DIM26","2","Existing","1/19/2026","1/22/2026","EMEA","Unknown","[""Exhibition""]",,,,,,"https://dimdex.com/about/",,,"GO","ADG","SED DEF",,"AWA",,,,"Requirements document send to SED for Franck Saudo ","Maritime Defence","""Requested by : N/A - Usual Yearly participation",,"-32",,
" International Armoured Vehicles","IAV26","3","NEW","1/20/2026","1/22/2026","EMEA","Unknown","[""Walking""]",,,,,,,,,"PARTICIPATION CANCELLED","ADG","SED DEF",,"AWA",,,,"If participation confirmed, entrance to be taking care by sales",,"""Requested by : ",,"-31",,
"UMEX ","UMEX26","3","NEW","1/20/2026","1/22/2026","EMEA","Unknown","[""Walking""]",,,,,,"https://www.umexabudhabi.ae/",,,"GO","ADG","SAI",,"AWA",,,,"If participation confirmed, entrance to be taking care by sales","Unmanned systems, robotics, and artificial intelligence","""Requested by : ",,"-31",,
"INDIA PNT SHOWCASE","IPNT26","3","NEW","2/6/2026","2/6/2026","APAC","Unknown","[""Speaking""]",,,,,,,,,"GO","ADG","PNT",,"AWA",,,,,"NavWar, Simulation","Requested by : 
BL: ST4D
Topic : Business Development 
Action : Budget to allocate ",,"-14",,
"SINGAPORE AIRSHOW 2026","SING26","1","Existing","2/3/2026","2/8/2026","APAC","Unknown","[""Exhibition""]",,,,,,"https://www.singaporeairshow.com/exhibit/participation-options",,,"GO","ADG","SAFRAN <br>GROUP",,"AWA",,,,"Requirements document send to SED for Franck Saudo","international aerospace and defence exhibitions","Requested by :
BL: 
Topic : 
Action : Decide the products",,"-17",,
"PNT2026 (Former IGNSS)","PNT26","2","Existing","2/4/2026","2/6/2026","APAC","Unknown","[""Walking""]",,,,,,"https://www.ain.org.au/events/pnt-2026",,,"DIVISION INTEREST ? ","ADG","SED Australia",,"AWA",,,,"Sales walking TBC by Marianne","keynotes, technical sessions, industry exhibitions and networking on GNSS resilience, sensor fusion, space-based PNT, cybersecurity threats, and emerging applications across aviation, maritime, agriculture, mining, and space.","Requested by :
BL: ST4D Timing 
Topic : Business Devlopment 
Action : To check with STAD Timing team for participation level and then Anthony BIANCO for subscribtion",,"-16",,
"ISE 2026","ISE26","3","NEW","2/4/2026","2/7/2026","EMEA","Unknown","[""Walking""]",,,,,,"https://www.iseurope.org/",,,"PARTCIPATION CANCELED","GCI","PNT",,"AWA",,,,"If participation confirmed, entrance to be taking care by sales","The world-renowned annual tech show for the systems integration and audiovisual industry","Requested by :Jay Malguitou
BL: ST4D
Topic : 
Action : ",,"-16",,
"Danish Defence Annual Conference - DDAC ","DDAC26","2","Existing","2/5/2026","2/6/2026","EMEA","Unknown","[""Walking""]",,,,,,"https://www.danskindustri.dk/medlemsforeninger/foreningssites/fos/arrangementer/events/2026/februar/information-about-ddac-2026/",,,"PARTCIPATION CANCELED","ADG","SED DEF",,"AWA",,,,"Doubled price if two people are going ","Defense","Requested by : INS - 2025 :  Jean-Baptiste MAUBIAN
BL: INS
Topic : 
Action : Confirm the interest of each BL",,"-15",,
"WORLD DEFENSE SHOW 2026","WDS26","2","Existing","2/8/2026","2/12/2026","EMEA","Unknown","[""Exhibition""]",,,,,,"https://www.worlddefenseshow.com/en",,,"GO","ADG","SAFRAN <br>GROUP",,"AWA",,,,"Requirements document send to SED for Franck Saudo","Global Defense ","Requested by :
BL: 
Topic : 
Action : ",,"-12",,
"Cislunar PNT Workshop ","CLPW26","3","NEW","2/11/2026","2/13/2026","EMEA","Unknown","[""Walking""]",,,,,,"https://www.unoosa.org/oosa/en/ourwork/icg/working-groups/b/CislunarPNT2025.html",,,"PARTCIPATION CANCELED","ADG","PNT",,"AWA",,,,"If participation confirmed, entrance to be taking care by sales","Open international coordination forum for lunar PNT service providers, including GNSS providers","Requested by : Quentin Parent 
BL: ST4D Timing 
Topic : 
Action : None",,"-9",,
"Spain Small Satellites &amp; Services International Forum SSSIF","SSSIF26","3","NEW","2/17/2026","2/19/2026","EMEA","Unknown","[""Walking""]",,,,,,"SSSIF2026",,,"SALES","CGI","PNT",,"AWA",,,,"GO","Workshop for small satellites designers, technicians, developers and launchers","Requested by : Enzo Devaux
BL: ST4D
Topic : 
Action : 
Comments : walking event",,"-3",,
"Data Center World Paris","DCWP26","3","NEW","2/17/2026","2/17/2026","EMEA","Unknown","[""Walking""]",,,,,,"Data Centre World Paris | L’événement data centres en France",,,"SALES","GCI","PNT",,"AWA",,,,"If participation confirmed, entrance to be taking care by the sales","Precision timing for data centers
GNSS backup","Requested by : Mélanie Combay
BL: ST4D
Topic :
Action : ",,"-3",,
"FUTURE INDIRECT FIRE CONFERENCE ","FIFC26","3","Existing","2/24/2026","2/25/2026","EMEA","Unknown","[""Exhibition""]",,,,,,"Future Indirect Fires",,,"GO","ADG","SED DEF",,"AWA",,,,"Interest confirmed, Participants INS confirmed 
Comments : previously walking event - need to confirm the interest  4000 euros requested by Sonier","Artillery","Requested by : Christophe Sonnier 
BL: INS
Topic : Speaking slot + 10m² booth
Action : Participation confirmed &amp; Vectronix will split the bill
",,"3",,
"ENFORCE TAC 2026","ETAC26","3","Existing","2/23/2026","2/25/2026","EMEA","Unknown","[""Exhibition""]",,,,,,"https://www.enforcetac.com/en",,,"GO","ADG","SED DEF",,"AWA",,,,"Interest confirmed, Participants /products/Budget  TBC by 14 of November - not possible for Sonier with Future Indirect at the same time ","internal and external security","Requested by :
BL: 
Topic : 
Action : 
Comments : mandatory to participate if the division confirm to exhibit ",,"2",,
"DEFSat ","DEFS26","3","Existing","2/24/2026","2/26/2026","APAC","Unknown","[""Walking""]",,,,,,"https://itdcindia.com/defsat-2025-defence-space-aspirations/",,,"GO","ADG","PNT ",,"AWA",,,,"If participation confirmed, entrance to be taking care by the sales","Space event ","Requested by :
BL: 
Topic : 
Action :",,"3",,
"BACSI 2026","BACS26","3","Existing","3/18/2026","3/19/2026","EMEA","Unknown","[""Walking""]",,,,,,"https://ejerciciobacsi.com/",,,"GO","ADG","PNT",,"AWA",,,,"R&T event - If participation confirmed, entrance to be taking care by sales","live demonstrations with aircraft and advanced technology systems","Requested by : Carlos Frias &lt;carlos.frias@nav-timing.safrangroup.com&gt;
BL: ST4D Timing 
Topic : Business Devlopment for Defense
Action : None",,"25",,
"CIPPE 2026","CIPP26","3","Existing","3/26/2026","3/28/2026","APAC","Unknown","[""Walking""]",,,,,,"https://en.cippe.com.cn/",,,"GO","GCI","PNT",,"AWA",,,,"If participation confirmed, entrance to be taking care by sales","annual gathering of petroleum and petrochemical industry","Requested by : INS
BL: 
Topic : Business Devlopment 
Action : Interest to be confirmed ",,"33",,
"XPONENTIAL EUROPE 2026","XPON26","3","NEW","3/24/2026","3/26/2026","EMEA","Unknown","[""Walking""]",,,,,,"https://www.xponential-europe.com/",,,"GO","ADG","PNT",,"AWA",,,,"Interest + budget confirmed, Participants /products TBC","autonomous technologies & robotics","Requested by : 
BL: All
Topic : Business Devlopment 
Action : Check Out booth Availability &amp; Pricing",,"31",,
"MUNICH SATELLITE NAVIGATION SUMMIT 2026","MSNS26","3","Existing","3/23/2026","3/27/2026","EMEA","Unknown","[""Exhibition""]",,,,,,"https://www.munich-satellite-navigation-summit.org/",,,"GO","ADG","PNT",,"AWA",,,,"Interest + budget confirmed, Participants /products TBC","Space event","Requested by : N/A - Usual Yearly participation
BL: ST4D Sim (Jens, Jay, Gregory Moura, Quentin Parent, Guillaume Obry in 2025)
Topic : Business Devlopment 
Action : Check Out booth Availability &amp; Pricing",,"30",,
"Quantum Networks Summit 2026","QNS26","3","Existing","3/24/2026","3/26/2026","EMEA","Unknown","[""Walking""]",,,,,,"https://www.uppersideconferences.com/quantum-networks/2026/",,,"GO","GCI","PNT",,"AWA",,,,"If participation confirmed, entrance to be taking care by the sales",,"Requested by : Walking -Javier B./Paco
BL: SCT
Topic : 
Action :",,"31",,
"EPICS Collaboration Meeting, 2026","EPIC26","3","Existing","4/1/2026","4/1/2026","EMEA","Unknown","[""Exhibition""]",,,,,,"https://epics-controls.org/tag/collaboration-meeting/",,,"GO","GCI","PNT",,"AWA",,,,"If participation confirmed, entrance to be taking care by the sales",,"Requested by : Walking -Migue, Adrian
BL: 
Topic : 
Action : ",,"39",,
"STAC Hong Kong 2026","STACHK26","3","NEW","4/13/2026","4/13/2026","APAC","Unknown","[""Exhibition""]",,,,,,"https://stacresearch.com/events/",,,"PENDING","GCI","PNT ",,"AWA",,,,"Level of participation TBC to allocate a budget - 7000e request - sales didn't show up in 2025","Timing for financial markets & high-precision trading, Sychronization","Requested by : Danny, Jacob and Moderntech
BL: ST4D Timing
Topic : White Rabbit and TimeLynx as a new solution promotion
Action : Confirm we can contribute $7k for co-sponsorship. - previously walking event
Level of participation TBC to allocate a budget - 7000e request - sales didn&#39;t show up in 2025 
",,"51",,
"ELEKTRONIK","ELEK26","3","Existing","4/14/2026","4/15/2026","EMEA","Unknown","[""Exhibition""]",,,,,,"https://www.elektronikmassan.se/",,,"GO","GCI","PNT Partner <br>(Testhouse)",,"AWA",,,,"Interest/participants confirmed, Budgets /products TBC","electronics—from groundbreaking technology to thousands of products","Requested by : BL: ST4D, 
Topic : Business Devlopment 
Action : No payment in 2025 ",,"52",,
"LINAC - Linear Accelerator Conference","LINAC26","3","Existing","4/16/2026","4/24/2026","APAC","Unknown","[""Walking""]",,,,,,,,,"GO","GCI","PNT",,"AWA",,,,"If participation confirmed, entrance to be taking care by the sales",,"Requested by :Walking - Danny Loke
 BL: SCT
Topic : 
Action :",,"54",,
"ISHW 2026 - Stellarator Workshop","ISHW26","3","Existing","4/20/2026","4/24/2026","EMEA","Unknown","[""Walking""]",,,,,,"https://ishw2026.com/",,,"GO","GCI","PNT",,"AWA",,,,"If participation confirmed, entrance to be taking care by the sales",,"Requested by :Walking -Juan, Migue
 BL: SCT
Topic : 
Action :",,"58",,
"DSA 2026","DSA26","2","Existing","4/20/2026","4/23/2026","APAC","Unknown","[""Exhibition""]",,,,,,"https://www.dsaexhibition.com/about-dsa-2026",,,"GO","ADG","SED DEF",,"AWA",,,,"Requirements document send to SED for Franck Saudo","technologies, systems, hardware and electronic warfare","Requested by : 
BL: 
Topic : Business Devlopment 
Action :",,"58",,
"EFTF 2026","EFTF26","3","Existing","4/20/2026","4/23/2026","EMEA","Unknown","[""Exhibition""]",,,,,,"https://atpi.eventsair.com/eftf-2026",,,"GO","GCI","PNT ",,"AWA",,,,"Interest confirmed / Budget + participants + products TBC","Forum  Frequency and Time","Requested by : N/A - Usual Yearly participation
BL: ST4D Timing &amp; STT Clocks
Topic : New solution promotion
Action : Check Out booth Availability &amp; Pricing",,"58",,
"WQRN5 - Workshop for Quantum Repeaters and Networks ","WQRN26","3","Existing","4/27/2026","4/29/2026","APAC","Unknown","[""Walking""]",,,,,,,,,"GO","GCI","PNT ",,"AWA",,,,"If participation confirmed, entrance to be taking care by the sales",,,,"65",,
"ENC 2026","ENC26","3","Existing","4/28/2026","4/30/2026","EMEA","Unknown","[""Exhibition""]",,,,,,"https://enc-series.org/",,,"GO","ADG","PNT ",,"AWA",,,,"Interest confirmed / Budget + participants + products TBC","Conference positioning, navigation and timing","Requested by : N/A - Usual Yearly participation
BL: ST4D Sim
Topic : Business Devlopment 
Action : Annonce officielle rachat Syntony - Annonce nouveau produit Timing MPIU4 TBC",,"66",,
"STAC LONDON SPRING 2026","STLS26","3","Existing","4/29/2026","4/29/2026","EMEA","Unknown","[""Walking""]",,,,,,"https://stacresearch.com/events/




",,,"PENDING","GCI","PNT ",,"AWA",,,,"If participation confirmed, entrance to be taking care by the sales","Timing for financial markets & high-precision trading, Sychronization.","Requested by :
BL: 
Topic : 
Action :",,"67",,
"GNSS Simulation for Autonomous/Intelligent Connected Vehicles and Low-Altitude Economy Applications Webinar","GSW26","3","NEW",,,"APAC","Unknown","[""Exhibition""]",,,,,,"?",,,"PENDING","GCI","PNT ",,"AWA",,,,"Online event - participation TBC 3000e ? 
Warning : new event requested a budget participation ","?","Requested by: Danny and local partner, Tesight.
BL: ST4D Simulation.
Topic: Webinar covering industry trends and challenges in GNSS simulation testing, core capabilities of GNSS simulators, fundamental principles and test configurations for GNSS signal simulation, and Skydel software operation. It provides customers with a comprehensive and detailed introduction to GNSS simulators and their applications. Tesight also plan to invite industry experts to participate in the webinar and seek partnerships with media outlets, aiming to reach over 300 contacts.
The 2025 live stream on related topics attracted 52 clients, and we are actively following up on these leads.
Warning : new event requested a budget participation 
Tesight Cost: €6,000
Request for co-sponsor: €3,000
Action:  Confirm Safran budget to support this webinar.
",,,,
"SAHA 2026","SAHA26","2","NEW","5/5/2026","5/9/2026","EMEA","Unknown","[""Walking""]",,,,,,"https://sahaexpo.com/en/home/",,,"TBC SAFRAN GROUP","ADG","PNT ",,"AWA",,,,"If participation confirmed, entrance to be taking care by sales","International Defence and Aerospace Exhibition ","Requested by : 
BL: INS ?
Topic : Business Devlopment (Open Timing)
Action : ",,"73",,
"ROTOR TECH","ROTR26","2","NEW","5/6/2026","5/8/2026","APAC","Unknown","[""Walking""]",,,,,,"https://rotortech.com.au/",,,"SALES","GCI","SED DEF",,"AWA",,,,"DEF participation TBC - new event so should be a walking one ",,"Requested by : 
BL: INS ?
Topic : Business Devlopment (Open Timing)
Action : ",,"74",,
"GLEX ","GLEX26","2","NEW","5/7/2026","5/9/2026","APAC","Unknown","[""Walking""]",,,,,,"https://www.iafastro.org/events/global-series-conferences/global-conference-on-space-exploration-2025/",,,"GO","GCI","PNT",,"AWA",,,,"If participation confirmed, entrance to be taking care by sales","Global Space Exploration Conference in India","Requested by : 
BL: INS ?
Topic : Business Devlopment (Open Timing)
Action : ",,"75",,
"IDEB ","IDEB26","2","NEW","5/14/2026","5/16/2026","EMEA","Unknown","[""Walking""]",,,,,,"https://www.incheba.sk/en/fairs-and-exhibitions/ideb-defence-security/",,,"GO","ADG","SED DEF",,"AWA",,,,"If participation confirmed, entrance to be discussed with Vectronics","innovations and modern defence approaches","Requested by : 
BL: INS interested - vectronics TBC 
Topic : 
Action : ",,"82",,
"BALTIC FINTECH DAYS","BFD26","2","NEW","5/12/2026","5/13/2026","EMEA","Unknown","[""Walking""]",,,,,,"Baltic Fintech Days - The Baltics' Largest Fintech Event",,,"TBC SALES","GCI","PNT ",,"AWA",,,,"If participation confirmed, entrance to be taking care by the sales","Fintech","Requested by : 
BL:
Topic : 
Action : ",,"80",,
"COMBINED NAVAL EVENT 2026","CNE26","2","Existing","5/11/2026","5/14/2026","EMEA","Unknown","[""Exhibition""]",,,,,,"https://navyleaders.com/combined-naval-event-overview/",,,"GO","ADG","SED DEF",,"AWA",,,,"Interest / Budget confirmed - participants + products TBC","Naval and maritime collaboration","Requested by : N/A - Usual Yearly participation
BL: All 
Topic : Business Devlopment 
Action : Coordinate with SED DEF Team ",,"79",,
"GSTCE","GSTC26","3","NEW","5/13/2026","5/14/2026","APAC","Unknown","[""Walking""]",,,,,,"https://www.space.org.sg/gstce/",,,"TBC SALES","ADG","PNT ",,"AWA",,,,"If participation confirmed, entrance to be taking care by the sales","
18th Edition
Commercialising Space: Driving Economic Value Across Industries","Requested by :
BL:  R&amp;T
Topic : 
Action :",,"81",,
"IPAC 2026 - International Particle Accelerator Conference","IPAC26","1","Existing","5/17/2022","5/22/2022","EMEA","Unknown","[""Exhibition""]",,,,,,"https://www.ipac26.org/",,,"GO","GCI","PNT",,"AWA",,,,"R&T budget TBC + products ","premier annual gathering for the global accelerator community","Requested by :
BL:  R&amp;T
Topic : 
Action : Should be paying by R&amp;T",,"-1,375",,
"EMERSON EXCHANGE 2026","EMEX26","3","Existing","5/19/2026","5/21/2026","EMEA","Unknown","[""Exhibition""]",,,,,,"Emerson Exchange 2026 | Emerson GB",,,"GO","GCI","PNT ",,"AWA",,,,"Interest + Budget confirmed /  participants + products TBC ","Global conference to share the future/perspective of industries ","Requested by :
BL: 
Topic : 
Action :",,"87",,
"FURTURE ARTILLERY","FARC26","3","Existing","5/19/2026","5/21/2026","EMEA","Unknown","[""Walking""]",,,,,,"https://www.defenceiq.com/events-futureartillery",,,"PENDING ","GCI","SED DEF",,"AWA",,,,"Budget problem - 15000 in 2025 - no budget for this year - no DEF - going as a walker ? ",,"Requested by :
BL: 
Topic : 
Action :",,"87",,
"AOC EUROPE","AOCE26","3","Existing","5/19/2026","5/21/2026","EMEA","Unknown","[""Exhibition""]",,,,,,"https://www.aoceurope.org/",,,"NO GO - Walking ","GCI","PNT",,"AWA",,,,"Problem with this event in 2025 with SDS - no one went there on our side and we spent 8000 euros - proposal to go as a walking ",,"Requested by :
BL: 
Topic : 
Action :",,"87",,
"BSDA 2026 ","BSDA26","2","NEW","5/22/2026","5/25/2026","EMEA","Unknown","[""Walking""]",,,,,,"https://www.bsda.ro/",,,"GO","ADG","SED DEF",,"AWA",,,,"Interest or not ? "," Defence, Aerospace and Security exhibition","Requested by : N/A - Usual Yearly participation
BL: All 
Topic : Business Devlopment 
Action : Coordinate with Vectronix / Define participation level ",,"90",,
"KADEX ","KADEX26","3","NEW","5/23/2026","5/26/2026","APAC","Unknown","[""Walking""]",,,,,,"https://kadexaroka.com/eng/",,,"TBC","ADG","SED DEF",,"AWA",,,,"If participation confirmed, entrance to be taking care by the sales","largest ground weapons expo","Requested by : N/A - Usual Yearly participation
BL: All 
Topic : Business Devlopment 
Action : Coordinate with SED",,"91",,
"SMALLSAT EUROPE 2026","SMSE26","2","Existing","5/26/2026","5/28/2026","EMEA","Unknown","[""Walking""]",,,,,,"https://smallsateurope.com/",,,"TBC SDS","ADG","SDS",,"AWA",,,,"Waiting for SDS return ","Sapce event ","Requested by : N/A - Usual Yearly participation
BL: All 
Topic : Business Devlopment 
Action : Coordinate with SED Space",,"94",,
"GLEX India - TBC","GLIN26","3","NEW",,,"APAC","Unknown","[""Walking""]",,,,,,"https://www.iafastro.org/events/global-series-conferences/global-conference-on-space-exploration-2025/",,,"GO","ADG","PNT ",,"AWA",,,,"If participation confirmed, entrance to be taking care by the sales","Space conference ","Requested by : 
BL: All 
Topic : Business Devlopment 
Action : ",,,,
"Airspace World","ASW26","3","NEW","5/26/2026","5/28/2026","EMEA","Unknown","[""Walking""]",,,,,,"https://airspaceworld.com/",,,"TBC SALES","ADG","PNT ",,"AWA",,,,"If participation confirmed, entrance to be taking care by the sales","Airspace","Requested by : Enzo Devaux
BL: All 
Topic : Business Devlopment 
Action : ",,"94",,
"Drone Summit","DRON26","3","NEW","5/28/2026","5/28/2026","EMEA","Unknown","[""Walking""]",,,,,,"Home - Drone Summit 2025",,,"TBC SALES","ADG","PNT ",,"AWA",,,,"If participation confirmed, entrance to be taking care by the sales","Drone","Requested by : 
BL: All 
Topic : Business Devlopment 
Action : ",,,,
"Annual ScyLight Conference 2026 ","SCYL26","3","NEW","6/26/2026","6/26/2026","EMEA","Unknown","[""Walking""]",,,,,,"https://atpi.eventsair.com/scylight/",,,"GO","ADG","PNT",,"AWA",,,,"R&T budget - If participation confirmed, entrance to be taking care by the sales"," Annual meeting of European and Canadian industries -  the latest developments in the domain of optical and quantum communication technologies under the European Space Agency's (ESA) Optical & Quantum Communications","Requested by : Barbara Benavent: barbara.benavent@nav-timing.safrangroup.com
BL: All 
Topic : Business Devlopment 
Action : Coordinate with SED Spain -  walking or speaking ?",,,,
"MONEY2020","MONY26","3","NEW","6/2/2026","6/4/2026","EMEA","Unknown","[""Walking""]",,,,,,"Money20/20 Europe in Amsterdam | 2 - 4 June 2026",,,"WALKING SALES ","ADG","PNT ",,"AWA",,,,,,"Requested by :Mélanie Combay 
BL: ST4D
Topic : Business Devlopment 
Action : ",,,,
"HEMUS","HEMS26","2","NEW","6/3/2026","6/6/2026","EMEA","Unknown","[""Walking""]",,,,,,"https://www.hemusbg.org/en",,,"WALKING SALES ","ADG","SED DEF",,"AWA",,,,"NO GO for DEF, so going by walking ","International Defence Equipment and Services Exhibition","Requested by : N/A - Usual Yearly participation
BL: All 
Topic : Business Devlopment 
Action : Coordinate with DEF",,,,
"Sensor + Test ","SNT26","3","Existing","6/9/2026","6/11/2026","EMEA","Unknown","[""Walking""]",,,,,,"https://www.sensor-test.de/en/visitors/",,,"PENDING","GCI","PNT ",,"AWA",,,,"If participation confirmed, entrance to be taking care by the sales","sensor, measuring, and testing systems","Requested by : Interest TBC
BL: 
Topic : Business Devlopment 
Action : ",,,,
"INTEROP","INOP26","1","Existing","6/10/2026","6/12/2026","APAC","Unknown","[""Exhibition""]",,,,,,"https://www.interop.jp/",,,"PENDING","ADG","PNT ",,"AWA",,,,"Interest of participation TBC 
Warning : walking or exhibit - previously walking","ICT solutions","Requested by : Jacob
BL: 
Topic : Business Development 
Action : Validate or not the participation + level of participation 
Warning : walking or exhibit - previously walking
",,,,
"NEW : ILA","ILA26","1","NEW","6/10/2026","6/14/2026","EMEA","Unknown","[""Exhibition""]",,,,,,"https://www.ila-berlin.de/en",,,"GO","ADG","SED DEF",,"AWA",,,,"Interest confirmed / budget + participants + products TBC","Le Bourget German airshow","Requested by : SED - mandatory participation  - minimum 5k  but have to put more  
BL: 
Topic : Business Development 
Action : Coordinate with SED or SHE - TBC ",,,,
"EUROSATORY  2026","EURO26","1","Existing","6/15/2026","6/19/2026","EMEA","Unknown","[""Exhibition""]",,,,,,"https://www.eurosatory.com/",,,"GO","ADG",,,"AWA",,,,"Waiting for SAFRAN group information - participants + products TBC ","Defence","Requested by : N/A - Usual Yearly participation
BL: All 
Topic : Business Devlopment 
Action : Coordinate with SED/ Safran Group - 5000K only requested by Pierre Chambon Sophie 30000K - new proposal : between 15 and 20K - update of 06.11.25 - as it is a Safran group event we don&#39;t need to put so much budget - 5K could be enough ",,,"Awa Sow",
"Indian Space Congress - TBC","ISC26","3","NEW",,,"APAC","Unknown","[""Walking""]",,,,,,"?",,,"GO","ADG","PNT ",,"AWA",,,,"If participation confirmed, entrance to be taking care by the sales","Space congress","Requested by : N/A - Usual Yearly participation
BL: ST4D Timing
Topic : 
Action : Exhibition with SDS ?",,,,
"World Quantum Computing & Engineering Summit (WQCES‑2026)","WQCE26","3","NEW","6/24/2026","6/26/2026","EMEA","Unknown","[""Walking""]",,,,,,"https://quantumengineering.scientificsummits.org/",,,,"GCI",,,,,,,"If participation confirmed, entrance to be taking care by the sales",,,,,,
"ESA/JRC INTERNATIONAL SUMMER SCHOOL ON GNSS 2026","EJSS26","1","NEW","7/13/2026","7/24/2026","EMEA","Unknown","[""Exhibition""]",,,,,,"https://www.esa-jrc-summerschool.org/",,,"PENDING","GCI","PNT ",,"AWA",,,,"Warning : new event requested a sponsoring Participation to be confirmed - could be handling with or without SDS","17th edition - sponsoring summer school for young researchers in satellite navigation ","Requested by : Quentin Parent
BL: ST4D / STT
Topic : Sponsoring
Action : Participation TBC - last year Skydell licence given for free + 1 presentation - request to have a more important participation this year 
Warning : new budget requested ",,,,
"FARNBOROUGH 2026","FARN26","1","Existing","7/20/2026","7/24/2026","EMEA","Unknown","[""Walking""]",,,,,,"https://www.farnboroughairshow.com/",,,"GO","ADG",,,"AWA",,,,"Waiting for SAFRAN group information - participants + products TBC ",,"Requested by : N/A - Usual Yearly participation
BL: INS
Topic : Business Devlopment 
Action : Coordinate with SED/ Safran Group  - welcoming event without anything to exhibit",,,,
"PASJ","PASJ26","2","NEW","8/4/2026","8/4/2026","APAC","Unknown","[""Exhibition""]",,,,,,"https://www.testing-expo.com/china/zh/
",,,"PENDING","GCI","PNT ",,"AWA",,,,"Warning : New partnership event request directly a budget - participation TBC","Particle accelerator and high-energy physics","Requested by: Danny and local partner, Embeck.
BL: ST4D Timing.
Topic: Particle accelerator and high-energy physics
Action: Confirm any costs to be covered by Safran
Warning : New partnership event request directly a budget - participation TBC",,,,
"Automotive Testing Expo & Seminar","ATE26","2","Existing","8/25/2026","8/28/2026","APAC","Unknown","[""Exhibition""]",,,,,,"https://www.testing-expo.com/china/zh/
",,,"PENDING","GCI","PNT ",,"AWA",,,,"Warning : Budget TBC (request for 10000 euros against 5000 euros in 2025)","latest development and validation technologies from across the automotive testing industry","Requested by : Danny and local partner, Tesight.
BL: ST4D Simulation
Topic :  Simulation for automotive. OEMs (like Jaguar Land Rover, BYD, JAC Motors) and Third-party testing organizations (such as Guangzhou CEB, Guangdong Aerospace Technology Research Institute, CECC, etc.)
Comment: In 2025, Tesight generated 126 leads, with 56 expressing interest in GNSS simulators.
Tesight Cost：169,494元 / €22,600
Request for co-sponsor：€10,000
Expected Leads for Safran：80+
Expected Opportunities：10+
Action :  Confirm Safran budget for show.
",,,,
"Tesight Test & Simulation Offline Seminar","TTS26","2","Existing",,,"APAC","Unknown","[""Seminar""]",,,,,,,,,"PENDING","GCI","PNT Partner (Tesight)",,"AWA",,,,"Warning : Budget TBC (request for 5000 euros against 2500 euros in 2025)","Seminar ","Requested by : Danny and local partner, Tesight.
BL: ST4D Simulation
Topic :  Tesight will host a seminar focused on automotive and low-altitude economy applications, inviting ecosystem partners such as IPG, and dSAPCE to co-organize this larger-scale event. In October 2024, we held a similar seminar that drew over 40 OEMs and Tier 1 customers for on-site discussions.
Tesight Cost: €11,000
Request for co-sponsor: €5,000
Expected Leads: 100+
Expected Opportunities: 15+
Action :  Confirm Safran budget to support seminar.
",,,,
"FSI 2026","FSI26","2","Existing",,,"EMEA","Unknown","[""Exhibition""]",,,,,,"https://www.fsi.no/",,,"PENDING","ADG","PNT ",,"AWA",,,,"Warning : budget allocation ? Only SSTN or other division implicated ? "," Norwegian Defence and Security Industries","Requested by : N/A - Usual Yearly participation
BL: STTN + Benjamin Faget in 2025
Topic : Business Devlopment
Action : Confirm participants to allocate the budget ",,,,
"EGYPT Airshow ","EGAS26","3","NEW","9/8/2026","9/10/2026","EMEA","Unknown","[""Exhibition""]",,,,,,"https://www.egypt-air-show.com/",,,"GO","ADG","SED DEF",,"AWA",,,,"Warning : Level of participation TBC - 5k minimum","2nd edition - aircraft","Requested by :
BL: 
Topic : 
Action : Minimum 5k to put - do we want to put more ? ",,,,
"CONNECTED BRITAIN","CBR26","2","Existing","9/9/2026","9/10/2026","EMEA","Unknown","[""Walking""]",,,,,,"https://www.terrapinn.com/conference/connected-britain/index.stm",,,"TBC SALES","ADG","PNT ",,"AWA",,,,"If participation confirmed, entrance to be taking care by the sales","UK’s digital economy","Requested by :Jay Malguitou - happening every year 
BL: ST4D 
Topic : Business Devlopment
Action : N/S",,,,
"MSPO 2026","MSPO26","2","Existing","9/8/2026","9/11/2026","EMEA","Unknown","[""Exhibition""]",,,,,,"https://www.targikielce.pl/en/mspo",,,"GO","ADG","SED DEF",,"AWA",,,,"Interest + budget confirmed / participants + products TBC",,"Requested by : N/A - Usual Yearly participation
BL: All
Topic : Business Devlopment
Action : Coordinate with SED Defense",,,,
"INTERGEO 2026","INTG26","2","Existing","9/15/2026","9/17/2026","EMEA","Unknown","[""Exhibition""]",,,,,,"Servus Munich | Messe für Geodäsie, Geoinformation und Landmanagement",,,"PENDING BUDGET ","ADG","PNT ",,"AWA",,,,"Warning : budget allocation ? Request for a bigger booth by Jeya - previously only STTN but could interest more sales
","the world's leading trade fair for geodesy, geoinformation, and land management","Requested by : N/A - Usual Yearly participation
BL: All
Topic : Business Devlopment
Action : Request for a bigger booth for 2026

",,,,
"BIDATA & AI ","BDAI26","3","NEW","9/15/2026","9/16/2026","EMEA","Unknown","[""Walking""]",,,,,,"https://www.bigdataparis.com/#/",,,"TBC SALES","GCI","PNT ",,"AWA",,,,"If participation confirmed, entrance to be taking care by the sales","Data and IA meeting conference","Requested by : Quentin Parent
BL: All
Topic : Business Devlopment
Action : ",,,,
"DX KOREA 2026 ","DXKO26","2","Existing","9/16/2026","9/19/2026","APAC","Unknown","[""Walking""]",,,,,,"http://dxkorea.openhaja.com/en/index.asp",,,"GO","ADG","SED Korea",,"AWA",,,,"If participation confirmed, entrance to be taking care by the sales","Defense and security","Requested by : N/A - Usual Yearly participation
BL: All
Topic : Business Devlopment
Action : SED Defense won&#39;t exhibit - will exhibit at KADEX KOREA so if we want to go it will be as walker

Comments : no budget indicated in 2024 ",,,,
"Africa Aerospace and defense AAD","AAD26","3","Existing","9/16/2020","9/20/2020","EMEA","Unknown","[""Walking""]",,,,,,"https://www.aadexpo.co.za/",,,"TBC SALES","ADG","PNT ",,"AWA",,,,"NO GO by SED, If participation confirmed, entrance to be taking care by the sales","The premier exhibition of air, land and sea technologies on the African continent","Requested by : Enzo Devaux
BL: ST4D Sim / INS ? 
Topic : 
Action : N/A
Comments : SED DEF No Go on it - no exhbition from SED",,,,
"NATO Days 2026","NATD26","3","NEW","9/19/2026","9/20/2026","EMEA","Unknown","[""Exhibition""]",,,,,,"https://www.natodays.cz/programme",,,"GO","ADG","PNT",,"AWA",,,,"Budget & participation confirmed",,"Requested by : Email received by Sophie
.BL:
Topic : 
Action : N/A
Comments : ",,,,
"SOFT 2026 - Symposium On fusion Technology","SOFT26","3","Existing","9/21/2026","9/25/2026","EMEA","Unknown","[""Walking""]",,,,,,"https://irfm.cea.fr/en/evenement/34th-soft-conference/",,,"GO","GCI","PNT",,"AWA",,,,"If participation confirmed, entrance to be taking care by the sales",,"Requested by : Walking - Javier B
.BL:
Topic : 
Action : N/A
Comments : ",,,,
"Drone X / Spirent and Spetrio ","DRX26","3","NEW","9/29/2026","9/30/2026","EMEA","Unknown","[""Walking""]",,,,,,"https://www.dronexpo.co.uk/",,,"TBC SALES","GCI","PNT ",,"AWA",,,,"If participation confirmed, entrance to be taking care by the sales","Drone ","Requested by : Jay Malguitou
BL: ST4D Sim
Topic : 
Action : N/A",,,,
"ESA Industry Space Day 2026 ESA ISD","EISD26","3","Existing",,,"EMEA","Unknown","[""Exhibition""]",,,,,,"ESA - Industry Space Days",,,"PENDING BUDGET ","ADG","PNT (?)",,"AWA",,,,"Interest confirmed / Budget + participants + products TBC - need to have a meeting with SDS to share the booth ? 
Action : walking before - requested to exhibit ","Space event","Requested by : N/A - Usual Yearly participation
BL: ST4D Sim / Paul-Alexandre
Topic : Walking in 2024
Action : walking before - requested to exhibit ",,,,
"JAMMERTEST 2026","JAMT26","3","Existing",,,"EMEA","Unknown","[""Walking""]",,,,,,"https://jammertest.no/",,,"GO","ADG","PNT ",,"AWA",,,,"If participation confirmed, entrance to be taking care by the sales",,"Requested by : N/A - Usual Yearly participation
BL: ST4D Sim
Topic : Business Devlopment
Action : Trying to have entrance for this year ",,,,
"DGON","DGON26","2","Existing",,,"EMEA","Unknown","[""Exhibition""]",,,,,,"https://www.tu-braunschweig.de/iff/dgon-isa-inertial-sensors-and-applications#:~:text=At%20this%20symposium%20the%20latest%20state%20of%20inertial,well%20as%20investigations%20on%20cost%20and%20marketing%20aspects.",,,"GO","ADG","PNT ",,"AWA",,,,"Interest confirmed / Budget + participants + products TBC","Inertial sensors and navigation systems, gyro technology","Requested by : N/A - Usual Yearly participation
BL: All
Topic : Business Devlopment
Action : Coordinate with SED Defense ",,,,
"Nihonbashi ","NIHO26","3","Existing","10/26/2026","10/26/2026","APAC","Unknown","[""Walking""]",,,,,,"?",,,"TBC SALES","ADG","PNT ",,"AWA",,,,"If participation confirmed, entrance to be taking care by the sales","?","Requested by : Quentin Parent
BL: All
Topic : Business Devlopment
Action : ",,,,
"FED 2026","FED26","2","Existing","10/1/2026","10/2/2026","EMEA","Unknown","[""Walking""]",,,,,,"https://pme-eti.fr/forum-entreprises-defense-2025-ouverture-des-inscriptions-visiteurs/#:~:text=Cet%20%C3%A9v%C3%A9nement%20incontournable%20se%20tiendra%20les%208%20et,de%20la%20maintenance%20terrestre%20et%20de%20la%20d%C3%A9fense.",,,"PENDING ","ADG","SED DEF",,"AWA",,,,"Interest TBC","Organisé par la SIMMT et la CCI Paris Île-de-France, réunira les acteurs majeurs de la maintenance terrestre et de la défense, thématique : « Une résilience collective au service de la réussite opérationnelle »","Requested by : N/A - Usual Yearly participation
BL: All
Topic : Business Devlopment
Action : Coordinate with SED ",,,,
"IAC 2026 ","IAC26","2","Existing","10/5/2026","10/9/2026","EMEA","Unknown","[""Exhibition""]",,,,,,"https://www.iac2026.org/",,,"GO","ADG","SDS",,"AWA",,,,"Waiting for more information by Safran group","Space event ","Requested by : N/A - Usual Yearly participation
BL: All
Topic : Business Devlopment
Action : Coordinate with SED Space",,,,
"LAND FORCES  2026","LFOR26","2","Existing","10/6/2026","10/8/2026","APAC","Unknown","[""Exhibition""]",,,,,,"https://landforces.com.au/",,,"GO","ADG","SED Australia",,"AWA",,,,"Budget + participants + products TBC 
Comments : 5K minimum requested by SED - do we want more ?"," Region’s premier event for the land defence sector, connecting Australian and international defence, industry, government, academia, and technology leaders in support of national and regional security","Requested by : N/A - Usual Yearly participation
BL: All
Topic : Business Devlopment
Action : Coordinate with SED / Team might walk the show 
Comments : 5K minimum requested by SED - do we want more ?",,,,
"KADEX KOREA","KADK26","2","NEW","10/6/2026","10/10/2026","APAC","Unknown","[""Exhibition""]",,,,,,"https://kadexaroka.com/eng/",,,"GO","ADG","SED DEF",,"AWA",,,,"Interest + budget confirmed, participants/ products TBC","Largest ground weapons expo","Requested by : N/A - Usual Yearly participation
BL: 
Topic : 
Action : Coordinate with SED - replace DX Korea so put the 10000euros there ",,,,
"FURTURE FORCES","FFOR26","2","NEW","10/21/2026","10/23/2026","EMEA","Unknown","[""Exhibition""]",,,,,,"https://future-forces.cz/?lang=cs",,,"GO","GCI","SED DEF",,"AWA",,,,"Wish of participation TBC"," Central hub for international defence and security networking through the Future Forces events, facilitating B2B, B2G, and G2G interactions","Requested by : 
BL: 
Topic : 
Action : 3000 ? ",,,,
"BSBF - Big Science Business Forum ","BSBF26","1","Existing","10/27/2026","10/30/2026","EMEA","Unknown","[""Exhibition""]",,,,,,"https://www.bsbf2026.org/",,,"GO","GCI","PNT",,"AWA",,,,"R&T budget - interest confirmed ","Research infrastructures and industry","Requested by :
BL: R&amp;T
Topic : 
Action : ",,,,
"MRO Europe","MROE26","3","Existing","10/28/2026","10/29/2026","EMEA","Unknown","[""Exhibition""]",,,,,,,,,"GO","ADG","SAFRAN <br>GROUP",,"AWA",,,,"Participants + products TBC","Aviation timing & synchronization","Requested by : 
BL:
Topic : 
Action :Interest of participation for PNT ? ",,,,
"ADAS 2026","ADAS26","2","NEW","11/1/2026","11/1/2026","APAC","Unknown","[""Exhibition""]",,,,,,"https://adas.ph/",,,"GO","ADG","SED DEF",,"AWA",,,,"Budget/ products/ participants TBC 
Action : minimum 5K to give, do we want to put more ? ","Philippine defense and security / Asian defense and security","Requested by : N/A - Usual Yearly participation
BL: All
Topic : 
Action : minimum 5K to give, do we want to put more ? ",,,,
"EURONAVAL 2026","ENAV26","2","Existing","11/3/2026","11/6/2026","EMEA","Unknown","[""Exhibition""]",,,,,,"https://www.euronaval.com/",,,"GO","ADG","SED DEF",,"AWA",,,,"Budget confimed / Products + participants TBC ",,"Requested by : 
BL: 
Topic : 
Action : 5000K in Pierre Chambon field ",,,,
"ELECTRONICA 2026","ELCA26","3","NEW","11/10/2026","11/13/2026","EMEA","Unknown","[""Walking""]",,,,,,"https://messe-muenchen.de/en/events/electronica-2026.html",,,"TBC SALES","GCI","PNT ",,"AWA",,,,"If participation confirmed, entrance to be taking care by the sales","quality control, maintenance and repair of electronic assemblies, devices and machinery","Requested by : 
BL: 
Topic : 
Action :",,,,
"NATO EDGE Conference","EDGE26","3","Existing","11/17/2026","11/19/2026","EMEA","Unknown","[""Walking""]",,,,,,"https://www.natoedge.nato.int/event/14e84c3e-cf67-42ff-8bb2-07d6e2c96f33/home",,,"TBC SALES","ADG","PNT ",,"AWA",,,,"If participation confirmed, entrance to be taking care by the sales","Defence and technology spectrum","Requested by : 
BL: 
Topic : 
Action :",,,,
"ITSF 2026","ITSF26","3","Existing","11/26/2026","11/26/2026","EMEA","Unknown","[""Exhibition""]",,,,,,"https://itsf2025.executiveindustryevents.com/Event/",,,"GO","GCI","PNT ",,"AWA",,,,"Interest confirmed / Budget + participants + products TBC ","Leading timing and synchronization conference events","Requested by : N/A - Usual Yearly participation
BL: ST4D Timing &amp; STT Clocks
Topic : New solution promotion
Action : Check Out booth Availability &amp; Pricing",,,,
"SPACE TECH EXPO ","STEX26","2","Existing","11/26/2026","11/26/2026","EMEA","Unknown","[""Walking""]",,,,,,"https://www.spacetechexpo-europe.com/",,,"TBC SDS","ADG","SDS",,"AWA",,,,"Interest confirmed / Budget + participants + products TBC ","Space events","Requested by : N/A - Usual Yearly participation
BL: All
Topic : 
Action : Paul Alexandre feedback - check to take the booth if SDS don&#39;t go",,,,
"MARRAKESH AIRSHOW (TBC)","MARA26","2","NEW",,,"EMEA","Unknown","[""Exhibition""]",,,,,,,,,"TBC SAFRAN GROUP","ADG","SAFRAN <br>GROUP",,"AWA",,,,"Participants products TBC","Aerospace","Requested by : N/A - Usual Yearly participation
BL: All
Topic : 
Action : Coordinate with SED Defense- robably mandatory - minimum 5k ",,,,
"DEFEXPO INDIA 2026","DEXI26","2","Existing",,,"APAC","Unknown","[""Exhibition""]",,,,,,,,,"GO","ADG","SED DEF",,"AWA",,,,"Waiting for more information by the organizer","Defence India","Requested by : N/A - Usual Yearly participation
BL: All
Topic : New solution promotion
Action : Coordinate with SED ",,,,
"INDO DEFENSE 2026","INDD26","2","Existing","11/18/2021","11/21/2021","APAC","Unknown","[""Exhibition""]",,,,,,,,,"GO","ADG","SED DEF",,"AWA",,,,"Interest + Budget confirmed /  participants + products TBC ","https://indodefence.com/","Requested by : N/A - Usual Yearly participation
BL: All
Topic : 
Action : Coordinate with SED",,,,
"EUROPEAN ROTORS 2026 ","EROT26","2","Existing",,,"EMEA","Unknown","[""Exhibition""]",,,,,,"https://europeanrotors.eu/future-years/",,,"GO","ADG","SHE",,"AWA",,,,"Budget to increase + participants / products TBC
Warning : need to give more money ","rotorcraft industry","Requested by :
BL: 
Topic : 
Action : Minimum 5k probably more - need to give more ",,,,
"STAC Australia 2026","STAU26","3","Existing",,,"APAC","Unknown","[""Exhibition""]",,,,,,"https://stacresearch.com/events/
",,,"PENDING","GCI","PNT ",,"AWA",,,,"Level of participation TBC to allocate a budget - 7000e - sales didn't show up in 2025","Timing for financial markets & high-precision trading, Sychronization","Requested by : Danny, Jacob and Moderntech
BL: ST4D Timing
Topic : White Rabbit and TimeLynx as a new solution promotion
Action : Confirm we can contribute $7k for co-sponsorship. Level of participation TBC to allocate a budget - 7000e request - sales didn&#39;t show up in 2025 ",,,,
"STAC LONDON FALL 2026","STLF26","3","Existing",,,"EMEA","Unknown","[""Walking""]",,,,,,"https://stacresearch.com/events/",,,"TBC SALES","GCI","PNT ",,"AWA",,,,"If participation confirmed, entrance to be taking care by the sales","Timing for financial markets & high-precision trading, Sychronization.","Requested by :
BL: 
Topic : 
Action :",,,,
"MRO Asia-Pacific(no exhibits on MROs) (TBC)","MROA26","2","NEW",,,"APAC","Unknown","[""Exhibition""]",,,,,,"https://mroasia.aviationweek.com/en/info/about.html",,,"GO","GCI","SAFRAN <br>GROUP",,"AWA",,,,"2026 Safran rules TBC ","leading event in the region for the commercial aviation aftermarket","Requested by :
BL: 
Topic : 
Action :",,,,
"Semana Naval Cartagena ","SNC26","3","NEW",,,"EMEA","Unknown","[""Walking""]",,,,,,"?",,,"GO","ADG","PNT",,"AWA",,,,"If participation confirmed, entrance to be taking care by the sales","?","Requested by : Carlos Frias 
BL: SED Spain
Topic : 
Action :",,,,
"DESEi+d ","DESE26","3","Existing",,,"EMEA","Unknown","[""Walking""]",,,,,,"?",,,"GO","ADG","PNT",,"AWA",,,,"If participation confirmed, entrance to be taking care by the sales","?","Requested by : Carlos Frias 
BL: SED Spain - Speaker in 2025
Topic : 
Action :",,,,
"FORO DEL TOLEDO","FDT26","3","Existing",,,"EMEA","Unknown","[""Walking""]",,,,,,,,,"GO","ADG","PNT",,"AWA",,,,"If participation confirmed, entrance to be taking care by the sales","F2E+I Forum – Military–Industry–Academia collaboration, technological innovation, Army 35 transformation.","Requested by : Carlos Frias 
BL: SED Spain - No booth in 2025
Topic : 
Action : Waiting for the dates ",,,,
"SOFEX","SOFEX26","3","Existing",,,"EMEA","Unknown","[""Walking""]",,,,,,"https://www.nsalons.com/sofex/",,,"TBC SALES","ADG","SED DEF",,"AWA",,,,"If participation confirmed, entrance to be taking care by the sales","Defense and security in the Middle East ","Requested by :
BL: 
Topic : 
Action :",,,,
"NAVISP","NAVI26","3","Existing",,,"EMEA","Unknown","[""Walking""]",,,,,,"https://navisp.esa.int/",,,"TBC SALES","GCI","PNT ",,"AWA",,,,"If participation confirmed, entrance to be taking care by the sales","PNT - ESA’s Navigation Innovation and Support Program","Requested by :
BL: 
Topic : 
Action :",,,,
"TSN/A","TSNA26","1","Existing",,,"EMEA","Unknown","[""Exhibition""]",,,,,,"https://tsnaconference.de/frontend/index.php",,,"GO","GCI","PNT",,"AWA",,,,"Interest confirmed / products + participants TBC ","Conference on latest developments and applications of Time-Sensitive Networking (TSN)","Requested by : R&amp;T
BL: R&amp;T
Topic : 
Action : price can be decreased - product shipted in 2025 for nothing ",,,,
"Chips JU BROKERAGE","CJUB26","3","NEW",,,"EMEA","Unknown","[""Exhibition""]",,,,,,"https://ecs-brokerage-event.eu/",,,"GO","GCI","PNT",,"AWA",,,,"Budget allocation R&T or PNT TBC  ? ","The event combines the brokerage activities of the industry associations AENEAS, EPoSS and INSIDE into one networking event dedicated to project proposals for the new Chips JU Calls 2026","Requested by : R&amp;T
BL: R&amp;T
Topic : 
Action :",,,,
"LLRF Workshop 2026","LLRF26","3","Existing",,,"EMEA","Unknown","[""Exhibition""]",,,,,,"http://www.llrf.net/",,,"PENDING","GCI","PNT ",,"AWA",,,,"Interest confirmed / Budget + products + participants TBC ","Low-level radio frequency ","Requested by : R&amp;T
BL: R&amp;T
Topic : 
Action :",,,,
"ITSNT 2026","ITSN26","3","Existing",,,"EMEA","Unknown","[""Exhibition""]",,,,,,"International Technical Symposium on Navigation and Timing – ITSNT",,,"GO","GCI","PNT ",,"AWA",,,,"If participation confirmed, entrance to be taking care by the sales","Annual event organized by CNES and ENAC for professionals and researchers working with or interested in navigation and timing technologies and their use","Requested by : 
BL:
Topic :
Action : ",,,,
"Teknologia 2026","TEKN26","3","NEW",,,"EMEA","Unknown","[""Exhibition""]",,,,,,"https://teknologia.messukeskus.com/en/.",,,"GO","GCI","PNT ",,"AWA",,,,"Interest confirmed / products + participants TBC ","automation • electronics • energy • hydraulics and pneumatics • mechanical engineering • robotics • maintenance • ICT • 3D • Dual-use technologies  • Quantum technology ","Requested by : 
BL: ST4D
Topic :
Action : ",,,,
"EUSPA Industry Days","EUSP26","3","Existing",,,"EMEA","Unknown","[""Walking""]",,,,,,"https://www.euspa.europa.eu/newsroom-events/events/euspa-industry-days",,,"TBC SALES","GCI","PNT ",,"AWA",,,,"If participation confirmed, entrance to be taking care by the sales","Space-based PNT technologies
GNSS resilience &amp; multi-sensor navigation","Requested by : 
BL: 
Topic :
Action :",,,,
"DALO DAYS","DALO26","3","Existing",,,"EMEA","Unknown","[""Walking""]",,,,,,"https://defencetech.dk/events/dalo-days-2026#:~:text=Denmark%27s%20premier%20defense%20industry%20exhibition%20typically%20takes%20place,Ministry%20of%20Defence%20Acquisition%20and%20Logistics%20Organisation%20%28DALO%29.",,,"GO","ADG","SED DEF",,"AWA",,,,"DEF goes as walking - what about us ? ","Tactical PNT &amp; secure timing
Defense synchronization solutions","Requested by : 
BL: 
Topic : 
Action : SED booth in the French Pavillon - participation TBC",,,,
"IPNT KOREA","IPNK26","3","Existing",,,"APAC","Unknown","[""Exhibition""]",,,,,,"https://ipnt.jams.or.kr/jams_info.html",,,"PENDING","ADG","PNT ",,"AWA",,,,"Budget + participants + products TBC","PNT & GNSS-resilient timing","Requested by : Jacob 
BL:
Topic : 
Action : Previously only for engineers - co-exhibit with ETOBB in 2025 - Primier Scientific event focusing on PNT",,,,
